commit_hash,date,hostname,windows_version,os_build,cpu,ram_gb
4068ddda5,2026-07-14T13:38:22,WINDOWS-NODE-01,Windows Server 2022 Standard 21H2,20348.1487,AMD Ryzen 7 PRO 8700GE w/ Radeon 780M Graphics,63
b5cde8a91,2026-07-14T15:16:43,WINDOWS-NODE-01,Windows Server 2022 Standard 21H2,20348.1487,AMD Ryzen 7 PRO 8700GE w/ Radeon 780M Graphics,63
4c6eafbe8,2026-07-14T16:04:33,WINDOWS-NODE-01,Windows Server 2022 Standard 21H2,20348.1487,AMD Ryzen 7 PRO 8700GE w/ Radeon 780M Graphics,63
4c6eafbe8,2026-07-15T05:15:58,WINDOWS-NODE-01,Windows Server 2022 Standard 21H2,20348.1487,AMD Ryzen 7 PRO 8700GE w/ Radeon 780M Graphics,63
e2ca9c790,2026-07-16T05:15:05,WINDOWS-NODE-01,Windows Server 2022 Standard 21H2,20348.1487,AMD Ryzen 7 PRO 8700GE w/ Radeon 780M Graphics,63
df161fdc6,2026-07-16T08:38:17,WINDOWS-NODE-01,Windows Server 2022 Standard 21H2,20348.1487,AMD Ryzen 7 PRO 8700GE w/ Radeon 780M Graphics,63
df161fdc6,2026-07-16T09:47:50,WINDOWS-NODE-01,Windows Server 2022 Standard 21H2,20348.1487,AMD Ryzen 7 PRO 8700GE w/ Radeon 780M Graphics,63
5f66de,2026-07-16T10:08:15,WINDOWS-NODE-01,Windows Server 2022 Standard 21H2,20348.1487,AMD Ryzen 7 PRO 8700GE w/ Radeon 780M Graphics,63
760417,2026-07-16T12:50:14,WINDOWS-NODE-01,Windows Server 2022 Standard 21H2,20348.1487,AMD Ryzen 7 PRO 8700GE w/ Radeon 780M Graphics,63
df161fdc6,2026-07-16T13:38:02,WINDOWS-NODE-01,Windows Server 2022 Standard 21H2,20348.1487,AMD Ryzen 7 PRO 8700GE w/ Radeon 780M Graphics,63
5dae9b2ba,2026-07-17T05:16:52,WINDOWS-NODE-01,Windows Server 2022 Standard 21H2,20348.1487,AMD Ryzen 7 PRO 8700GE w/ Radeon 780M Graphics,63
e05886b4e,2026-07-17T12:12:05,WINDOWS-NODE-01,Windows Server 2022 Standard 21H2,20348.1487,AMD Ryzen 7 PRO 8700GE w/ Radeon 780M Graphics,63
0e23fd3cc,2026-07-17T20:28:29,WINDOWS-NODE-01,Windows Server 2022 Standard 21H2,20348.1487,AMD Ryzen 7 PRO 8700GE w/ Radeon 780M Graphics,63
0e23fd3cc,2026-07-17T20:52:53,WINDOWS-NODE-01,Windows Server 2022 Standard 21H2,20348.1487,AMD Ryzen 7 PRO 8700GE w/ Radeon 780M Graphics,63
50ded3fa4,2026-07-20T11:05:07,WINDOWS-NODE-01,Windows Server 2022 Standard 21H2,20348.1487,AMD Ryzen 7 PRO 8700GE w/ Radeon 780M Graphics,63
