commit_hash,label,exclude
8e3dee,2026-06-08|2.38.0-rc.6 · 8e3dee,
760417,2026-04-30|2.37.1 · 760417,
62fb83,2026-06-10|2.38.0-rc.8 · 62fb83,
1e22de,2026-06-11|2.38.0-pre · 1e22de,1
cc669c,2026-06-18|nightly · cc669c,
5f66de,2026-06-16|2.38.0 · 5f66de,
ff50da,2026-06-19|nightly · ff50da,
5b1794,2026-06-22|nightly · 5b1794,
5f66deN,2026-06-20|2.38.0·U8,
760417N,2026-06-20|2.37.1·U8,
962c77,2026-06-22|nightly · 962c77,
c32b3c,2026-06-23|nightly · c32b3c,
f016ed,2026-06-24|nightly · f016ed,
4283ab,2026-06-25|nightly · 4283ab,
50e9b6,2026-06-26|nightly · 50e9b6,
06cc48,2026-06-26|nightly · 06cc48,
6efd31,2026-06-28|nightly · 6efd31,
e3c5d0,2026-06-29|nightly · e3c5d0,
cc48c9,2026-06-30|nightly · cc48c9,
c4ce44,2026-07-01|nightly · c4ce44,
7e38d3,2026-07-02|nightly · 7e38d3,
df1dfc,2026-07-05|nightly · df1dfc,
2959dc,2026-06-19|2.38.1 · 2959dc,
da0988,2026-07-07|nightly · da0988,
d39309,2026-07-08|nightly · d39309,
51f253,2026-07-10|nightly · 51f253,
80e7c0,2026-07-12|nightly · 80e7c0,
80e7c0-n260712,2026-07-12|nightly · 80e7c0,
80e7c0-n260711,2026-07-11|nightly · 80e7c0,
80e7c0-n260713,2026-07-13|nightly · 80e7c0,
80e7c0,2026-07-13|nightly · 80e7c0,
